seq20,pam,strand,cut_genomic,distance,efficiency,off_le1mm,flag_selfhit
GACAGCCTTGTAATTTGTGC,TGG,+,18628762,7,,,False
GCCTTGTAATTTGTGCTGGT,AGG,+,18628766,11,,,False
CCTTGTAATTTGTGCTGGTA,GGG,+,18628767,12,,,False
CTTGTAATTTGTGCTGGTAG,GGG,+,18628768,13,,,False
TTGTAATTTGTGCTGGTAGG,GGG,+,18628769,14,,,False
TGTAATTTGTGCTGGTAGGG,GGG,+,18628770,15,,,False
AATTTGTGCTGGTAGGGGGG,AGG,+,18628773,18,,,False
ATTTGTGCTGGTAGGGGGGA,GGG,+,18628774,19,,,False
TTTGTGCTGGTAGGGGGGAG,GGG,+,18628775,20,,,False
CCCTACCAGCACAAATTACA,AGG,-,18628753,2,,,False
