left_seq,right_seq,tm_left,tm_right,gc_left,gc_right,product_size,left_start_in_window,right_end_in_window
AAATCACCCGGCTTCCTCAG,TTCCTATCCCTTGCAGTGCC,60.04,59.74,55.0,55.0,709,166,893
CTCAAATCACCCGGCTTCCT,TTCCTATCCCTTGCAGTGCC,60.04,59.74,55.0,55.0,712,163,893
TCAAATCACCCGGCTTCCTC,TTCCTATCCCTTGCAGTGCC,60.04,59.74,55.0,55.0,711,164,893
TCTTCGGCCTCAAATCACCC,TTCCTATCCCTTGCAGTGCC,60.04,59.74,55.0,55.0,720,155,893
AAATCACCCGGCTTCCTCAG,TAAGGGCATCGGTCAACACG,60.04,60.39,55.0,55.0,732,166,916
CTCAAATCACCCGGCTTCCT,TAAGGGCATCGGTCAACACG,60.04,60.39,55.0,55.0,735,163,916
TCAAATCACCCGGCTTCCTC,TAAGGGCATCGGTCAACACG,60.04,60.39,55.0,55.0,734,164,916
TCTTCGGCCTCAAATCACCC,TAAGGGCATCGGTCAACACG,60.04,60.39,55.0,55.0,743,155,916
CTTCCTCAGATCCCCGCTTC,TAAGGGCATCGGTCAACACG,59.89,60.39,60.0,55.0,721,177,916
AAATCACCCGGCTTCCTCAG,CTATCCCTTGCAGTGCCAGG,60.04,60.47,55.0,60.0,706,166,890
AAATCACCCGGCTTCCTCAG,CCTATCCCTTGCAGTGCCAG,60.04,60.47,55.0,60.0,707,166,891
CTCAAATCACCCGGCTTCCT,CTATCCCTTGCAGTGCCAGG,60.04,60.47,55.0,60.0,709,163,890
CTCAAATCACCCGGCTTCCT,CCTATCCCTTGCAGTGCCAG,60.04,60.47,55.0,60.0,710,163,891
TCAAATCACCCGGCTTCCTC,CTATCCCTTGCAGTGCCAGG,60.04,60.47,55.0,60.0,708,164,890
TCAAATCACCCGGCTTCCTC,CCTATCCCTTGCAGTGCCAG,60.04,60.47,55.0,60.0,709,164,891
TCTTCGGCCTCAAATCACCC,CTATCCCTTGCAGTGCCAGG,60.04,60.47,55.0,60.0,717,155,890
TCTTCGGCCTCAAATCACCC,CCTATCCCTTGCAGTGCCAG,60.04,60.47,55.0,60.0,718,155,891
CAAATCACCCGGCTTCCTCA,TTCCTATCCCTTGCAGTGCC,60.32,59.74,55.0,55.0,710,165,893
CAAATCACCCGGCTTCCTCA,TAAGGGCATCGGTCAACACG,60.32,60.39,55.0,55.0,733,165,916
GCTTCCAGCCCTTAACAGCT,TAAGGGCATCGGTCAACACG,60.32,60.39,55.0,55.0,706,192,916
